iteration,volume,scan_time_utc,tilt,decode_ms,bin_ms,queue_writes_ms,gpu_done_ms,build3d_ms,upload3d_done_ms
0,KTLX20130520_201229_V06,2013-05-20T20:12:29Z,0,141.64,142.68,143.19,143.84,163.35,169.71
1,KTLX20130520_201229_V06,2013-05-20T20:12:29Z,0,145.55,146.50,146.95,147.60,164.98,170.88
2,KTLX20130520_201229_V06,2013-05-20T20:12:29Z,0,146.72,147.81,148.28,148.93,168.56,174.68
3,KTLX20130520_201229_V06,2013-05-20T20:12:29Z,0,146.17,147.24,147.66,148.62,167.40,173.57
4,KTLX20130520_201229_V06,2013-05-20T20:12:29Z,0,148.50,149.45,149.91,150.51,168.70,174.89
5,KTLX20130520_201229_V06,2013-05-20T20:12:29Z,0,143.17,144.20,144.84,145.60,163.84,170.04
6,KTLX20130520_201229_V06,2013-05-20T20:12:29Z,0,147.17,148.13,148.58,149.31,168.34,174.86
7,KTLX20130520_201229_V06,2013-05-20T20:12:29Z,0,145.11,146.10,146.53,147.50,165.34,171.85
8,KTLX20130520_201229_V06,2013-05-20T20:12:29Z,0,145.87,146.90,147.42,148.40,167.20,173.29
9,KTLX20130520_201229_V06,2013-05-20T20:12:29Z,0,146.17,147.42,147.85,148.44,166.61,172.77
10,KTLX20130520_201229_V06,2013-05-20T20:12:29Z,0,145.91,147.02,147.54,148.31,167.94,174.50
11,KTLX20130520_201229_V06,2013-05-20T20:12:29Z,0,150.37,151.83,152.48,153.36,172.24,178.40
12,KTLX20130520_201229_V06,2013-05-20T20:12:29Z,0,149.63,150.80,151.24,152.08,171.30,179.02
13,KTLX20130520_201229_V06,2013-05-20T20:12:29Z,0,142.59,143.52,143.98,144.80,163.61,170.33
14,KTLX20130520_201229_V06,2013-05-20T20:12:29Z,0,141.79,142.77,143.26,144.37,161.97,168.47
15,KTLX20130520_201229_V06,2013-05-20T20:12:29Z,0,144.23,145.30,145.74,146.88,165.78,172.71
16,KTLX20130520_201229_V06,2013-05-20T20:12:29Z,0,143.18,144.11,144.57,146.01,163.54,170.77
17,KTLX20130520_201229_V06,2013-05-20T20:12:29Z,0,142.96,143.94,144.40,145.90,163.55,172.52
18,KTLX20130520_201229_V06,2013-05-20T20:12:29Z,0,148.54,149.48,149.94,151.23,171.22,182.08
19,KTLX20130520_201229_V06,2013-05-20T20:12:29Z,0,143.86,144.85,145.31,146.63,165.23,173.01
20,KTLX20130520_201229_V06,2013-05-20T20:12:29Z,0,145.54,146.64,147.07,149.47,172.42,182.43
21,KTLX20130520_201229_V06,2013-05-20T20:12:29Z,0,151.19,152.38,152.90,153.96,174.25,182.04
22,KTLX20130520_201229_V06,2013-05-20T20:12:29Z,0,147.96,148.94,149.40,150.76,170.24,177.87
23,KTLX20130520_201229_V06,2013-05-20T20:12:29Z,0,144.06,145.03,145.48,148.08,166.08,174.16
24,KTLX20130520_201229_V06,2013-05-20T20:12:29Z,0,143.45,144.48,144.94,147.66,167.01,176.13
