local_utc,server_date_utc,local_minus_server_s,messages,new,error
2026-10-09T05:02:58.799255+00:00,2026-10-09T05:02:58+00:00,0.799,181,0,
2026-10-09T05:03:19.012466700+00:00,2026-10-09T05:03:18+00:00,1.012,181,0,
2026-10-09T05:03:39.040945800+00:00,2026-10-09T05:03:38+00:00,1.040,181,0,
2026-10-09T05:03:58.497462100+00:00,2026-10-09T05:03:58+00:00,0.497,181,0,
2026-10-09T05:04:18.886412200+00:00,2026-10-09T05:04:18+00:00,0.886,181,0,
2026-10-09T05:04:38.596032900+00:00,2026-10-09T05:04:38+00:00,0.596,181,0,
2026-10-09T05:04:58.951442800+00:00,2026-10-09T05:04:58+00:00,0.951,181,0,
2026-10-09T05:05:19.139194500+00:00,2026-10-09T05:05:19+00:00,0.139,181,0,
2026-10-09T05:05:38.562117500+00:00,2026-10-09T05:05:38+00:00,0.562,181,0,
2026-10-09T05:05:58.918441500+00:00,2026-10-09T05:05:58+00:00,0.918,181,0,
2026-10-09T05:06:18.978432500+00:00,2026-10-09T05:06:18+00:00,0.978,181,0,
2026-10-09T05:06:39.059619300+00:00,2026-10-09T05:06:38+00:00,1.059,182,1,
2026-10-09T05:06:58.936087100+00:00,2026-10-09T05:06:58+00:00,0.936,182,0,
2026-10-09T05:07:19.128093100+00:00,2026-10-09T05:07:18+00:00,1.128,182,0,
2026-10-09T05:07:39.129152300+00:00,2026-10-09T05:07:38+00:00,1.129,182,0,
2026-10-09T05:07:59.049490500+00:00,2026-10-09T05:07:58+00:00,1.049,182,0,
2026-10-09T05:08:18.936145800+00:00,2026-10-09T05:08:18+00:00,0.936,182,0,
2026-10-09T05:08:38.514431800+00:00,2026-10-09T05:08:38+00:00,0.514,182,0,
2026-10-09T05:08:58.646688600+00:00,2026-10-09T05:08:58+00:00,0.646,182,1,
2026-10-09T05:09:18.561440200+00:00,2026-10-09T05:09:18+00:00,0.561,182,0,
2026-10-09T05:09:39.078294900+00:00,2026-10-09T05:09:38+00:00,1.078,182,0,
2026-10-09T05:09:59.013148400+00:00,2026-10-09T05:09:58+00:00,1.013,182,0,
2026-10-09T05:10:18.608241500+00:00,2026-10-09T05:10:18+00:00,0.608,182,0,
2026-10-09T05:10:38.649204400+00:00,2026-10-09T05:10:38+00:00,0.649,182,0,
2026-10-09T05:10:58.946484800+00:00,2026-10-09T05:10:58+00:00,0.946,182,0,
2026-10-09T05:11:18.984439+00:00,2026-10-09T05:11:18+00:00,0.984,182,0,
2026-10-09T05:11:39.037306800+00:00,2026-10-09T05:11:38+00:00,1.037,182,0,
2026-10-09T05:11:59.002239300+00:00,2026-10-09T05:11:58+00:00,1.002,182,0,
2026-10-09T05:12:18.584222700+00:00,2026-10-09T05:12:18+00:00,0.584,182,0,
2026-10-09T05:12:38.590627300+00:00,2026-10-09T05:12:38+00:00,0.590,182,0,
2026-10-09T05:12:58.642686100+00:00,2026-10-09T05:12:58+00:00,0.642,182,0,
2026-10-09T05:13:19.157412200+00:00,2026-10-09T05:13:18+00:00,1.157,182,0,
2026-10-09T05:13:40.179413200+00:00,2026-10-09T05:13:40+00:00,0.179,182,0,
2026-10-09T05:13:58.615021+00:00,2026-10-09T05:13:58+00:00,0.615,182,0,
2026-10-09T05:14:19.139241800+00:00,2026-10-09T05:14:18+00:00,1.139,182,0,
2026-10-09T05:14:38.628282600+00:00,2026-10-09T05:14:38+00:00,0.628,182,0,
2026-10-09T05:14:58.954932300+00:00,2026-10-09T05:14:58+00:00,0.954,182,0,
2026-10-09T05:15:18.595003100+00:00,2026-10-09T05:15:18+00:00,0.595,182,0,
2026-10-09T05:15:38.993467600+00:00,2026-10-09T05:15:38+00:00,0.993,182,0,
2026-10-09T05:15:58.990844100+00:00,2026-10-09T05:15:58+00:00,0.990,182,0,
2026-10-09T05:16:18.981140500+00:00,2026-10-09T05:16:18+00:00,0.981,182,0,
2026-10-09T05:16:38.635347600+00:00,2026-10-09T05:16:38+00:00,0.635,183,2,
2026-10-09T05:16:59.222847900+00:00,,,,,HTTP status server error (500 Internal Server Error) for url (https://api.weather.gov/alerts/active)
2026-10-09T05:17:19.304792300+00:00,2026-10-09T05:17:19+00:00,0.304,183,0,
2026-10-09T05:17:39.242047100+00:00,2026-10-09T05:17:39+00:00,0.242,183,0,
2026-10-09T05:17:58.545314+00:00,,,,,HTTP status server error (500 Internal Server Error) for url (https://api.weather.gov/alerts/active)
2026-10-09T05:18:18.600115300+00:00,2026-10-09T05:18:18+00:00,0.600,183,0,
2026-10-09T05:18:38.621718700+00:00,2026-10-09T05:18:38+00:00,0.621,183,0,
2026-10-09T05:18:59.036931700+00:00,2026-10-09T05:18:58+00:00,1.036,183,0,
2026-10-09T05:19:18.610087+00:00,2026-10-09T05:19:18+00:00,0.610,183,0,
2026-10-09T05:19:38.644822500+00:00,2026-10-09T05:19:38+00:00,0.644,183,0,
2026-10-09T05:19:59.145226800+00:00,2026-10-09T05:19:58+00:00,1.145,183,0,
2026-10-09T05:20:19.043973900+00:00,2026-10-09T05:20:18+00:00,1.043,183,0,
2026-10-09T05:20:39.254916300+00:00,2026-10-09T05:20:39+00:00,0.254,183,0,
2026-10-09T05:20:58.966354200+00:00,2026-10-09T05:20:58+00:00,0.966,183,0,
2026-10-09T05:21:18.609243100+00:00,2026-10-09T05:21:18+00:00,0.609,183,0,
2026-10-09T05:21:38.605873400+00:00,2026-10-09T05:21:38+00:00,0.605,183,0,
2026-10-09T05:21:58.610299+00:00,2026-10-09T05:21:58+00:00,0.610,183,0,
2026-10-09T05:22:19.091370800+00:00,2026-10-09T05:22:18+00:00,1.091,183,0,
2026-10-09T05:22:38.598548900+00:00,2026-10-09T05:22:38+00:00,0.598,183,0,
2026-10-09T05:22:59.053330500+00:00,2026-10-09T05:22:58+00:00,1.053,183,0,
2026-10-09T05:23:18.618295+00:00,2026-10-09T05:23:18+00:00,0.618,183,0,
2026-10-09T05:23:39.105419900+00:00,2026-10-09T05:23:38+00:00,1.105,183,0,
2026-10-09T05:23:59.156281400+00:00,2026-10-09T05:23:59+00:00,0.156,183,0,
2026-10-09T05:24:19.017998400+00:00,2026-10-09T05:24:18+00:00,1.017,183,0,
2026-10-09T05:24:39.084446+00:00,2026-10-09T05:24:38+00:00,1.084,183,0,
2026-10-09T05:24:58.613855900+00:00,,,,,HTTP status server error (500 Internal Server Error) for url (https://api.weather.gov/alerts/active)
2026-10-09T05:25:19.190515900+00:00,2026-10-09T05:25:18+00:00,1.190,184,1,
2026-10-09T05:25:38.622901300+00:00,2026-10-09T05:25:38+00:00,0.622,184,0,
2026-10-09T05:25:59.149491+00:00,2026-10-09T05:25:58+00:00,1.149,184,0,
2026-10-09T05:26:19.092379500+00:00,2026-10-09T05:26:18+00:00,1.092,184,1,
2026-10-09T05:26:39.107985300+00:00,2026-10-09T05:26:38+00:00,1.107,184,0,
2026-10-09T05:26:59.091766200+00:00,2026-10-09T05:26:58+00:00,1.091,184,0,
2026-10-09T05:27:18.679706900+00:00,2026-10-09T05:27:18+00:00,0.679,184,0,
2026-10-09T05:27:39.195388700+00:00,2026-10-09T05:27:39+00:00,0.195,184,0,
2026-10-09T05:27:59.138720200+00:00,2026-10-09T05:27:58+00:00,1.138,184,0,
2026-10-09T05:28:18.747851900+00:00,2026-10-09T05:28:18+00:00,0.747,184,0,
2026-10-09T05:28:38.747110100+00:00,2026-10-09T05:28:38+00:00,0.747,184,0,
2026-10-09T05:28:58.743255300+00:00,2026-10-09T05:28:58+00:00,0.743,184,0,
2026-10-09T05:29:18.747312300+00:00,2026-10-09T05:29:18+00:00,0.747,184,0,
2026-10-09T05:29:38.832701900+00:00,2026-10-09T05:29:38+00:00,0.832,184,1,
2026-10-09T05:29:59.183868400+00:00,2026-10-09T05:29:59+00:00,0.183,184,0,
2026-10-09T05:30:18.778150200+00:00,2026-10-09T05:30:18+00:00,0.778,184,0,
2026-10-09T05:30:38.841614500+00:00,2026-10-09T05:30:38+00:00,0.841,183,0,
2026-10-09T05:30:59.231691700+00:00,2026-10-09T05:30:59+00:00,0.231,183,0,
2026-10-09T05:31:19.227284700+00:00,2026-10-09T05:31:19+00:00,0.227,183,0,
2026-10-09T05:31:38.773543600+00:00,2026-10-09T05:31:38+00:00,0.773,183,0,
2026-10-09T05:31:58.769220400+00:00,2026-10-09T05:31:58+00:00,0.769,183,0,
2026-10-09T05:32:19.295076100+00:00,2026-10-09T05:32:19+00:00,0.295,182,0,
2026-10-09T05:32:38.756026800+00:00,2026-10-09T05:32:38+00:00,0.756,182,0,
2026-10-09T05:32:59.145611500+00:00,2026-10-09T05:32:59+00:00,0.145,182,0,
2026-10-09T05:33:19.213598700+00:00,2026-10-09T05:33:19+00:00,0.213,182,0,
2026-10-09T05:33:39.186656600+00:00,2026-10-09T05:33:39+00:00,0.186,182,0,
2026-10-09T05:33:59.171112700+00:00,2026-10-09T05:33:59+00:00,0.171,181,0,
2026-10-09T05:34:18.773030+00:00,2026-10-09T05:34:18+00:00,0.773,181,0,
2026-10-09T05:34:38.812257100+00:00,2026-10-09T05:34:38+00:00,0.812,181,0,
2026-10-09T05:34:58.822455700+00:00,2026-10-09T05:34:58+00:00,0.822,181,0,
2026-10-09T05:35:19.411968800+00:00,2026-10-09T05:35:19+00:00,0.411,181,0,
2026-10-09T05:35:38.821684200+00:00,2026-10-09T05:35:38+00:00,0.821,181,0,
2026-10-09T05:35:59.279699+00:00,2026-10-09T05:35:59+00:00,0.279,182,1,
2026-10-09T05:36:19.376403900+00:00,2026-10-09T05:36:19+00:00,0.376,182,0,
2026-10-09T05:36:39.270895300+00:00,2026-10-09T05:36:39+00:00,0.270,182,0,
2026-10-09T05:36:59.220820200+00:00,2026-10-09T05:36:59+00:00,0.220,182,0,
2026-10-09T05:37:18.825172900+00:00,2026-10-09T05:37:18+00:00,0.825,182,0,
2026-10-09T05:37:38.860912500+00:00,2026-10-09T05:37:38+00:00,0.860,182,0,
2026-10-09T05:37:59.348069500+00:00,2026-10-09T05:37:59+00:00,0.348,182,0,
2026-10-09T05:38:18.817376600+00:00,2026-10-09T05:38:18+00:00,0.817,182,0,
2026-10-09T05:38:38.922032500+00:00,2026-10-09T05:38:38+00:00,0.922,182,0,
2026-10-09T05:38:59.247192500+00:00,2026-10-09T05:38:59+00:00,0.247,182,0,
2026-10-09T05:39:18.855627300+00:00,2026-10-09T05:39:18+00:00,0.855,182,0,
2026-10-09T05:39:39.314478600+00:00,2026-10-09T05:39:39+00:00,0.314,182,0,
2026-10-09T05:39:59.380377100+00:00,2026-10-09T05:39:58+00:00,1.380,182,0,
2026-10-09T05:40:18.908854600+00:00,2026-10-09T05:40:18+00:00,0.908,182,0,
2026-10-09T05:40:39.266724600+00:00,2026-10-09T05:40:39+00:00,0.266,182,0,
2026-10-09T05:40:59.303641100+00:00,2026-10-09T05:40:59+00:00,0.303,182,0,
2026-10-09T05:41:19.391408+00:00,2026-10-09T05:41:19+00:00,0.391,182,0,
2026-10-09T05:41:38.859602300+00:00,2026-10-09T05:41:38+00:00,0.859,182,0,
2026-10-09T05:41:59.334935200+00:00,2026-10-09T05:41:59+00:00,0.334,182,0,
2026-10-09T05:42:18.859287500+00:00,2026-10-09T05:42:18+00:00,0.859,182,0,
2026-10-09T05:42:38.846191+00:00,2026-10-09T05:42:38+00:00,0.846,182,0,
2026-10-09T05:42:59.431114200+00:00,2026-10-09T05:42:59+00:00,0.431,182,0,
2026-10-09T05:43:19.065559900+00:00,2026-10-09T05:43:18+00:00,1.065,182,0,
2026-10-09T05:43:38.883254+00:00,2026-10-09T05:43:38+00:00,0.883,182,0,
2026-10-09T05:43:59.267062700+00:00,2026-10-09T05:43:59+00:00,0.267,182,0,
2026-10-09T05:44:19.259611700+00:00,2026-10-09T05:44:19+00:00,0.259,182,0,
2026-10-09T05:44:38.909470700+00:00,2026-10-09T05:44:38+00:00,0.909,182,0,
2026-10-09T05:44:59.323393600+00:00,2026-10-09T05:44:59+00:00,0.323,182,0,
2026-10-09T05:45:19.403480600+00:00,2026-10-09T05:45:19+00:00,0.403,181,0,
2026-10-09T05:45:38.903104800+00:00,2026-10-09T05:45:38+00:00,0.903,181,0,
2026-10-09T05:45:59.290247300+00:00,2026-10-09T05:45:59+00:00,0.290,181,0,
2026-10-09T05:46:19.073066400+00:00,2026-10-09T05:46:18+00:00,1.073,181,0,
2026-10-09T05:46:39.276351900+00:00,2026-10-09T05:46:39+00:00,0.276,181,1,
2026-10-09T05:46:59.308033500+00:00,2026-10-09T05:46:59+00:00,0.308,181,0,
2026-10-09T05:47:18.890352400+00:00,2026-10-09T05:47:18+00:00,0.890,181,0,
2026-10-09T05:47:39.316839+00:00,2026-10-09T05:47:39+00:00,0.316,181,0,
2026-10-09T05:47:58.952188600+00:00,2026-10-09T05:47:58+00:00,0.952,181,0,
2026-10-09T05:48:19.307848+00:00,2026-10-09T05:48:19+00:00,0.307,181,0,
2026-10-09T05:48:38.958266200+00:00,2026-10-09T05:48:38+00:00,0.958,181,0,
2026-10-09T05:48:58.918258800+00:00,2026-10-09T05:48:58+00:00,0.918,182,1,
2026-10-09T05:49:18.975060400+00:00,2026-10-09T05:49:18+00:00,0.975,182,0,
2026-10-09T05:49:38.934664500+00:00,2026-10-09T05:49:38+00:00,0.934,182,1,
2026-10-09T05:49:59.429876+00:00,2026-10-09T05:49:59+00:00,0.429,182,1,
2026-10-09T05:50:19.607968700+00:00,2026-10-09T05:50:19+00:00,0.607,182,0,
2026-10-09T05:50:38.909756200+00:00,2026-10-09T05:50:38+00:00,0.909,182,0,
2026-10-09T05:50:59.303371100+00:00,2026-10-09T05:50:59+00:00,0.303,182,0,
2026-10-09T05:51:19.358130400+00:00,2026-10-09T05:51:19+00:00,0.358,182,0,
2026-10-09T05:51:38.903066100+00:00,2026-10-09T05:51:38+00:00,0.903,182,0,
2026-10-09T05:51:58.946038400+00:00,2026-10-09T05:51:58+00:00,0.946,182,0,
2026-10-09T05:52:19.316618700+00:00,2026-10-09T05:52:19+00:00,0.316,182,0,
2026-10-09T05:52:39.367083600+00:00,2026-10-09T05:52:39+00:00,0.367,182,0,
2026-10-09T05:52:59.523030100+00:00,2026-10-09T05:52:59+00:00,0.523,182,0,
2026-10-09T05:53:19.291353200+00:00,2026-10-09T05:53:19+00:00,0.291,182,0,
2026-10-09T05:53:38.940952+00:00,2026-10-09T05:53:38+00:00,0.940,182,0,
2026-10-09T05:53:59.481230800+00:00,2026-10-09T05:53:59+00:00,0.481,182,1,
2026-10-09T05:54:18.925415100+00:00,2026-10-09T05:54:18+00:00,0.925,182,0,
2026-10-09T05:54:39.280288500+00:00,2026-10-09T05:54:39+00:00,0.280,182,0,
2026-10-09T05:54:59.436013700+00:00,2026-10-09T05:54:59+00:00,0.436,182,0,
2026-10-09T05:55:19.403500100+00:00,2026-10-09T05:55:19+00:00,0.403,182,0,
2026-10-09T05:55:38.941290700+00:00,2026-10-09T05:55:38+00:00,0.941,182,0,
2026-10-09T05:55:59.378789600+00:00,2026-10-09T05:55:59+00:00,0.378,182,0,
2026-10-09T05:56:19.397490500+00:00,2026-10-09T05:56:19+00:00,0.397,182,0,
2026-10-09T05:56:39.417171800+00:00,2026-10-09T05:56:39+00:00,0.417,182,0,
2026-10-09T05:56:58.966853700+00:00,2026-10-09T05:56:58+00:00,0.966,182,0,
2026-10-09T05:57:19.451221+00:00,2026-10-09T05:57:19+00:00,0.451,182,0,
2026-10-09T05:57:39.389504600+00:00,2026-10-09T05:57:39+00:00,0.389,182,0,
2026-10-09T05:57:59.458061+00:00,2026-10-09T05:57:59+00:00,0.458,182,0,
2026-10-09T05:58:19.494296100+00:00,2026-10-09T05:58:19+00:00,0.494,182,0,
2026-10-09T05:58:39.358306700+00:00,2026-10-09T05:58:39+00:00,0.358,182,0,
2026-10-09T05:58:59.463594500+00:00,2026-10-09T05:58:59+00:00,0.463,182,0,
2026-10-09T05:59:19.396132700+00:00,2026-10-09T05:59:19+00:00,0.396,182,0,
2026-10-09T05:59:39.465847800+00:00,2026-10-09T05:59:39+00:00,0.465,182,0,
2026-10-09T05:59:59.520343+00:00,2026-10-09T05:59:59+00:00,0.520,182,0,
2026-10-09T06:00:19.063359200+00:00,2026-10-09T06:00:18+00:00,1.063,181,0,
2026-10-09T06:00:40.486993400+00:00,2026-10-09T06:00:40+00:00,0.486,181,0,
2026-10-09T06:00:59.733995400+00:00,2026-10-09T06:00:59+00:00,0.733,181,0,
2026-10-09T06:01:19.438879+00:00,2026-10-09T06:01:19+00:00,0.438,181,0,
2026-10-09T06:01:39.114851100+00:00,2026-10-09T06:01:38+00:00,1.114,181,0,
2026-10-09T06:01:59.014869800+00:00,2026-10-09T06:01:58+00:00,1.014,181,0,
2026-10-09T06:02:19.437546500+00:00,2026-10-09T06:02:19+00:00,0.437,181,0,
2026-10-09T06:02:39.451770300+00:00,2026-10-09T06:02:39+00:00,0.451,181,0,
2026-10-09T06:02:59.494716700+00:00,2026-10-09T06:02:59+00:00,0.494,182,1,
2026-10-09T06:03:19.446026800+00:00,2026-10-09T06:03:19+00:00,0.446,182,0,
2026-10-09T06:03:39.154307400+00:00,2026-10-09T06:03:38+00:00,1.154,182,0,
2026-10-09T06:03:59.034771500+00:00,2026-10-09T06:03:58+00:00,1.034,182,0,
2026-10-09T06:04:19.418633500+00:00,2026-10-09T06:04:19+00:00,0.418,182,0,
2026-10-09T06:04:39.608739500+00:00,2026-10-09T06:04:39+00:00,0.608,182,0,
2026-10-09T06:04:59.015705100+00:00,2026-10-09T06:04:58+00:00,1.015,182,0,
2026-10-09T06:05:19.450954900+00:00,2026-10-09T06:05:19+00:00,0.450,182,1,
2026-10-09T06:05:39.092324700+00:00,2026-10-09T06:05:38+00:00,1.092,182,0,
2026-10-09T06:05:59.527619200+00:00,2026-10-09T06:05:59+00:00,0.527,182,0,
2026-10-09T06:06:19.760245100+00:00,2026-10-09T06:06:19+00:00,0.760,182,0,
2026-10-09T06:06:39.845994600+00:00,2026-10-09T06:06:39+00:00,0.845,182,0,
2026-10-09T06:06:59.451892500+00:00,2026-10-09T06:06:59+00:00,0.451,182,0,
2026-10-09T06:07:19.128851200+00:00,2026-10-09T06:07:18+00:00,1.128,182,0,
2026-10-09T06:07:39.451775800+00:00,2026-10-09T06:07:39+00:00,0.451,182,0,
2026-10-09T06:07:59.786145400+00:00,2026-10-09T06:07:59+00:00,0.786,182,0,
2026-10-09T06:08:19.463297500+00:00,2026-10-09T06:08:19+00:00,0.463,182,0,
2026-10-09T06:08:39.065087700+00:00,2026-10-09T06:08:38+00:00,1.065,182,0,
2026-10-09T06:08:59.698147700+00:00,2026-10-09T06:08:59+00:00,0.698,182,0,
2026-10-09T06:09:19.618892500+00:00,2026-10-09T06:09:19+00:00,0.618,182,0,
2026-10-09T06:09:39.166808300+00:00,2026-10-09T06:09:39+00:00,0.166,182,0,
2026-10-09T06:09:59.458106800+00:00,2026-10-09T06:09:59+00:00,0.458,182,0,
2026-10-09T06:10:19.589419+00:00,2026-10-09T06:10:19+00:00,0.589,182,0,
2026-10-09T06:10:39.528845+00:00,2026-10-09T06:10:39+00:00,0.528,182,0,
2026-10-09T06:10:59.565968800+00:00,2026-10-09T06:10:59+00:00,0.565,182,0,
2026-10-09T06:11:19.280053300+00:00,2026-10-09T06:11:18+00:00,1.280,182,0,
2026-10-09T06:11:39.174178800+00:00,2026-10-09T06:11:38+00:00,1.174,182,0,
2026-10-09T06:12:00.082412400+00:00,2026-10-09T06:11:59+00:00,1.082,182,0,
2026-10-09T06:12:19.107736100+00:00,2026-10-09T06:12:18+00:00,1.107,182,0,
2026-10-09T06:12:39.657018900+00:00,2026-10-09T06:12:39+00:00,0.657,182,0,
2026-10-09T06:12:59.642565300+00:00,2026-10-09T06:12:59+00:00,0.642,182,0,
2026-10-09T06:13:19.501227900+00:00,2026-10-09T06:13:19+00:00,0.501,182,0,
2026-10-09T06:13:39.851518+00:00,2026-10-09T06:13:39+00:00,0.851,182,0,
2026-10-09T06:13:59.185644600+00:00,2026-10-09T06:13:58+00:00,1.185,182,0,
2026-10-09T06:14:19.516744+00:00,2026-10-09T06:14:19+00:00,0.516,183,1,
2026-10-09T06:14:39.879025300+00:00,2026-10-09T06:14:39+00:00,0.879,183,0,
2026-10-09T06:14:59.694933800+00:00,2026-10-09T06:14:59+00:00,0.694,183,0,
2026-10-09T06:15:19.115209600+00:00,2026-10-09T06:15:18+00:00,1.115,181,0,
2026-10-09T06:15:39.540285300+00:00,2026-10-09T06:15:39+00:00,0.540,182,1,
2026-10-09T06:15:59.500583400+00:00,2026-10-09T06:15:59+00:00,0.500,182,0,
2026-10-09T06:16:19.814472600+00:00,2026-10-09T06:16:19+00:00,0.814,182,0,
2026-10-09T06:16:39.315424100+00:00,2026-10-09T06:16:39+00:00,0.315,182,0,
2026-10-09T06:16:59.561372900+00:00,2026-10-09T06:16:59+00:00,0.561,182,0,
2026-10-09T06:17:19.591265400+00:00,2026-10-09T06:17:19+00:00,0.591,182,0,
2026-10-09T06:17:39.163217500+00:00,2026-10-09T06:17:39+00:00,0.163,182,0,
2026-10-09T06:17:59.640917200+00:00,2026-10-09T06:17:59+00:00,0.640,182,0,
2026-10-09T06:18:19.242277500+00:00,2026-10-09T06:18:19+00:00,0.242,182,0,
2026-10-09T06:18:39.164290300+00:00,2026-10-09T06:18:39+00:00,0.164,182,1,
2026-10-09T06:18:59.671578800+00:00,2026-10-09T06:18:59+00:00,0.671,182,0,
2026-10-09T06:19:19.535870200+00:00,2026-10-09T06:19:19+00:00,0.535,182,0,
2026-10-09T06:19:39.681227800+00:00,2026-10-09T06:19:39+00:00,0.681,182,0,
2026-10-09T06:19:59.624758200+00:00,2026-10-09T06:19:59+00:00,0.624,182,29,
2026-10-09T06:20:19.615813+00:00,2026-10-09T06:20:19+00:00,0.615,182,0,
2026-10-09T06:20:39.602864500+00:00,2026-10-09T06:20:39+00:00,0.602,182,0,
2026-10-09T06:20:59.654303600+00:00,2026-10-09T06:20:59+00:00,0.654,182,0,
2026-10-09T06:21:19.236591700+00:00,2026-10-09T06:21:19+00:00,0.236,182,0,
2026-10-09T06:21:39.725318800+00:00,2026-10-09T06:21:39+00:00,0.725,182,0,
2026-10-09T06:21:59.199834600+00:00,2026-10-09T06:21:59+00:00,0.199,182,0,
2026-10-09T06:22:19.635140600+00:00,2026-10-09T06:22:19+00:00,0.635,182,0,
2026-10-09T06:22:39.638963200+00:00,2026-10-09T06:22:39+00:00,0.638,182,0,
2026-10-09T06:22:59.641212100+00:00,2026-10-09T06:22:59+00:00,0.641,182,0,
2026-10-09T06:23:19.553976300+00:00,2026-10-09T06:23:19+00:00,0.553,182,0,
2026-10-09T06:23:40.117858300+00:00,2026-10-09T06:23:40+00:00,0.117,182,1,
2026-10-09T06:23:59.669284800+00:00,2026-10-09T06:23:59+00:00,0.669,182,0,
2026-10-09T06:24:19.241661400+00:00,2026-10-09T06:24:19+00:00,0.241,182,0,
2026-10-09T06:24:39.208539500+00:00,2026-10-09T06:24:39+00:00,0.208,182,0,
2026-10-09T06:24:59.582171500+00:00,2026-10-09T06:24:59+00:00,0.582,182,0,
2026-10-09T06:25:19.674181300+00:00,2026-10-09T06:25:19+00:00,0.674,182,0,
2026-10-09T06:25:39.229970100+00:00,2026-10-09T06:25:39+00:00,0.229,182,0,
2026-10-09T06:25:59.640815200+00:00,2026-10-09T06:25:59+00:00,0.640,182,0,
2026-10-09T06:26:19.599959500+00:00,2026-10-09T06:26:19+00:00,0.599,182,0,
2026-10-09T06:26:39.857691700+00:00,2026-10-09T06:26:39+00:00,0.857,182,0,
2026-10-09T06:26:59.680365200+00:00,2026-10-09T06:26:59+00:00,0.680,182,0,
2026-10-09T06:27:19.242652700+00:00,2026-10-09T06:27:19+00:00,0.242,182,0,
2026-10-09T06:27:39.269933300+00:00,2026-10-09T06:27:39+00:00,0.269,182,0,
2026-10-09T06:27:59.588041100+00:00,2026-10-09T06:27:59+00:00,0.588,182,0,
2026-10-09T06:28:19.599852300+00:00,2026-10-09T06:28:19+00:00,0.599,182,0,
2026-10-09T06:28:39.790028700+00:00,2026-10-09T06:28:39+00:00,0.790,182,0,
2026-10-09T06:28:59.236516+00:00,2026-10-09T06:28:59+00:00,0.236,182,0,
2026-10-09T06:29:19.759431900+00:00,2026-10-09T06:29:19+00:00,0.759,182,0,
2026-10-09T06:29:39.800359+00:00,2026-10-09T06:29:39+00:00,0.800,182,0,
2026-10-09T06:29:59.291990300+00:00,2026-10-09T06:29:59+00:00,0.291,182,0,
2026-10-09T06:30:19.266426600+00:00,2026-10-09T06:30:19+00:00,0.266,181,0,
2026-10-09T06:30:39.274882500+00:00,2026-10-09T06:30:39+00:00,0.274,181,0,
2026-10-09T06:30:59.696903400+00:00,2026-10-09T06:30:59+00:00,0.696,181,0,
2026-10-09T06:31:19.696615600+00:00,2026-10-09T06:31:19+00:00,0.696,181,0,
2026-10-09T06:31:39.315303500+00:00,2026-10-09T06:31:39+00:00,0.315,181,0,
2026-10-09T06:31:59.702698100+00:00,2026-10-09T06:31:59+00:00,0.702,181,0,
2026-10-09T06:32:19.700160+00:00,2026-10-09T06:32:19+00:00,0.700,181,0,
2026-10-09T06:32:39.653301600+00:00,2026-10-09T06:32:39+00:00,0.653,181,0,
