id,event,event_key,sent_utc,received_utc,sent_to_received_s,source
urn:oid:2.49.0.1.840.0.bf4e55de9eaf82290fcb1481ce5b18c13cb5e7db.001.1,Severe Thunderstorm Warning,KDMX.SV.W.0351.2026,2026-10-09T05:06:00+00:00,2026-10-09T05:06:39.059619300+00:00,39.059,api.weather.gov
urn:oid:2.49.0.1.840.0.bb14c3ad490ef85ac9a089f8a4d073104539e91e.002.1,Severe Thunderstorm Warning,KDMX.SV.W.0350.2026,2026-10-09T05:08:00+00:00,2026-10-09T05:08:58.646688600+00:00,58.646,api.weather.gov
urn:oid:2.49.0.1.840.0.c9f09758eecfba9749e4734f464deb46117a4ec5.001.1,Severe Thunderstorm Warning,KDMX.SV.W.0352.2026,2026-10-09T05:16:00+00:00,2026-10-09T05:16:38.635347600+00:00,38.635,api.weather.gov
urn:oid:2.49.0.1.840.0.6d808a9c2ca661351f8670ee1a6c68c621119659.001.1,Severe Thunderstorm Warning,KFSD.SV.W.0304.2026,2026-10-09T05:15:00+00:00,2026-10-09T05:16:38.635347600+00:00,98.635,api.weather.gov
urn:oid:2.49.0.1.840.0.bd51686f12043747bf77b3a60fb003e48b9aa467.001.1,Severe Thunderstorm Warning,KFSD.SV.W.0306.2026,2026-10-09T05:24:00+00:00,2026-10-09T05:25:19.190515900+00:00,79.190,api.weather.gov
urn:oid:2.49.0.1.840.0.6590e467efb1b913fb2249464d19d4adb6bf3eb2.001.1,Severe Thunderstorm Warning,KDMX.SV.W.0350.2026,2026-10-09T05:25:00+00:00,2026-10-09T05:26:19.092379500+00:00,79.092,api.weather.gov
urn:oid:2.49.0.1.840.0.162879bd4e99d895ce312dd335a5529f99a03768.002.1,Severe Thunderstorm Warning,KFSD.SV.W.0305.2026,2026-10-09T05:29:00+00:00,2026-10-09T05:29:38.832701900+00:00,38.832,api.weather.gov
urn:oid:2.49.0.1.840.0.bb4b717dfb86799f79f9b3eb5b8db28b85540fd7.001.1,Severe Thunderstorm Warning,KFSD.SV.W.0307.2026,2026-10-09T05:35:00+00:00,2026-10-09T05:35:59.279699+00:00,59.279,api.weather.gov
urn:oid:2.49.0.1.840.0.c733ea62a40c1ad135d0afbe0d000e5d7c016230.001.1,Severe Thunderstorm Warning,KFSD.SV.W.0306.2026,2026-10-09T05:46:00+00:00,2026-10-09T05:46:39.276351900+00:00,39.276,api.weather.gov
urn:oid:2.49.0.1.840.0.e9951b18f0df1cb1132d5826d9654b745095efa2.001.1,Severe Thunderstorm Warning,KDMX.SV.W.0353.2026,2026-10-09T05:48:00+00:00,2026-10-09T05:48:58.918258800+00:00,58.918,api.weather.gov
urn:oid:2.49.0.1.840.0.0ff0f71f2a8d0975702437a81f5ec1169a7230f6.002.1,Severe Thunderstorm Warning,KDMX.SV.W.0352.2026,2026-10-09T05:49:00+00:00,2026-10-09T05:49:38.934664500+00:00,38.934,api.weather.gov
urn:oid:2.49.0.1.840.0.005c63df27cd554804bf4b699ba78a1430d5c2af.002.1,Severe Thunderstorm Warning,KFSD.SV.W.0307.2026,2026-10-09T05:49:00+00:00,2026-10-09T05:49:59.429876+00:00,59.429,api.weather.gov
urn:oid:2.49.0.1.840.0.1797d84a6f40ca6dd583ae6019bc1641e90e0d68.001.1,Severe Thunderstorm Warning,KDMX.SV.W.0353.2026,2026-10-09T05:53:00+00:00,2026-10-09T05:53:59.481230800+00:00,59.481,api.weather.gov
urn:oid:2.49.0.1.840.0.3ddadef9a2493015d233afc9bbe35ac68c28865c.001.1,Severe Thunderstorm Warning,KFSD.SV.W.0308.2026,2026-10-09T06:02:00+00:00,2026-10-09T06:02:59.494716700+00:00,59.494,api.weather.gov
urn:oid:2.49.0.1.840.0.439084104622b6805f6f4c5d848e3454cb9183b8.001.1,Severe Thunderstorm Warning,KFSD.SV.W.0306.2026,2026-10-09T06:04:00+00:00,2026-10-09T06:05:19.450954900+00:00,79.450,api.weather.gov
urn:oid:2.49.0.1.840.0.ec72ca20a48b8eba2582ea79f2a4543f6518c781.001.1,Severe Thunderstorm Warning,KFSD.SV.W.0309.2026,2026-10-09T06:13:00+00:00,2026-10-09T06:14:19.516744+00:00,79.516,api.weather.gov
urn:oid:2.49.0.1.840.0.f3d40454950e86a4e40e2c308911d5cc847e00c4.001.1,Flash Flood Warning,KFSD.FF.W.0017.2026,2026-10-09T06:15:00+00:00,2026-10-09T06:15:39.540285300+00:00,39.540,api.weather.gov
urn:oid:2.49.0.1.840.0.c5e0024037e665f07d2dfd91fd19dfbee512aab1.002.1,Severe Thunderstorm Warning,KFSD.SV.W.0308.2026,2026-10-09T06:18:00+00:00,2026-10-09T06:18:39.164290300+00:00,39.164,api.weather.gov
urn:oid:2.49.0.1.840.0.6f94c7732c0939532e8599f48f62466ac2b149b7.017.1,Tropical Storm Watch,urn:oid:2.49.0.1.840.0.6f94c7732c0939532e8599f48f62466ac2b149b7.017.1,2026-10-09T06:19:00+00:00,2026-10-09T06:19:59.624758200+00:00,59.624,api.weather.gov
urn:oid:2.49.0.1.840.0.6f94c7732c0939532e8599f48f62466ac2b149b7.001.1,Tropical Storm Watch,urn:oid:2.49.0.1.840.0.6f94c7732c0939532e8599f48f62466ac2b149b7.001.1,2026-10-09T06:19:00+00:00,2026-10-09T06:19:59.624758200+00:00,59.624,api.weather.gov
urn:oid:2.49.0.1.840.0.6f94c7732c0939532e8599f48f62466ac2b149b7.025.1,Tropical Storm Warning,urn:oid:2.49.0.1.840.0.6f94c7732c0939532e8599f48f62466ac2b149b7.025.1,2026-10-09T06:19:00+00:00,2026-10-09T06:19:59.624758200+00:00,59.624,api.weather.gov
urn:oid:2.49.0.1.840.0.6f94c7732c0939532e8599f48f62466ac2b149b7.005.1,Tropical Storm Watch,urn:oid:2.49.0.1.840.0.6f94c7732c0939532e8599f48f62466ac2b149b7.005.1,2026-10-09T06:19:00+00:00,2026-10-09T06:19:59.624758200+00:00,59.624,api.weather.gov
urn:oid:2.49.0.1.840.0.6f94c7732c0939532e8599f48f62466ac2b149b7.019.1,Tropical Storm Warning,urn:oid:2.49.0.1.840.0.6f94c7732c0939532e8599f48f62466ac2b149b7.019.1,2026-10-09T06:19:00+00:00,2026-10-09T06:19:59.624758200+00:00,59.624,api.weather.gov
urn:oid:2.49.0.1.840.0.6f94c7732c0939532e8599f48f62466ac2b149b7.018.1,Tropical Storm Warning,urn:oid:2.49.0.1.840.0.6f94c7732c0939532e8599f48f62466ac2b149b7.018.1,2026-10-09T06:19:00+00:00,2026-10-09T06:19:59.624758200+00:00,59.624,api.weather.gov
urn:oid:2.49.0.1.840.0.6f94c7732c0939532e8599f48f62466ac2b149b7.026.1,Tropical Storm Watch,urn:oid:2.49.0.1.840.0.6f94c7732c0939532e8599f48f62466ac2b149b7.026.1,2026-10-09T06:19:00+00:00,2026-10-09T06:19:59.624758200+00:00,59.624,api.weather.gov
urn:oid:2.49.0.1.840.0.6f94c7732c0939532e8599f48f62466ac2b149b7.002.1,Tropical Storm Watch,urn:oid:2.49.0.1.840.0.6f94c7732c0939532e8599f48f62466ac2b149b7.002.1,2026-10-09T06:19:00+00:00,2026-10-09T06:19:59.624758200+00:00,59.624,api.weather.gov
urn:oid:2.49.0.1.840.0.6f94c7732c0939532e8599f48f62466ac2b149b7.024.1,Tropical Storm Warning,urn:oid:2.49.0.1.840.0.6f94c7732c0939532e8599f48f62466ac2b149b7.024.1,2026-10-09T06:19:00+00:00,2026-10-09T06:19:59.624758200+00:00,59.624,api.weather.gov
urn:oid:2.49.0.1.840.0.6f94c7732c0939532e8599f48f62466ac2b149b7.012.1,Tropical Storm Watch,urn:oid:2.49.0.1.840.0.6f94c7732c0939532e8599f48f62466ac2b149b7.012.1,2026-10-09T06:19:00+00:00,2026-10-09T06:19:59.624758200+00:00,59.624,api.weather.gov
urn:oid:2.49.0.1.840.0.6f94c7732c0939532e8599f48f62466ac2b149b7.011.1,Tropical Storm Watch,urn:oid:2.49.0.1.840.0.6f94c7732c0939532e8599f48f62466ac2b149b7.011.1,2026-10-09T06:19:00+00:00,2026-10-09T06:19:59.624758200+00:00,59.624,api.weather.gov
urn:oid:2.49.0.1.840.0.6f94c7732c0939532e8599f48f62466ac2b149b7.021.1,Tropical Storm Warning,urn:oid:2.49.0.1.840.0.6f94c7732c0939532e8599f48f62466ac2b149b7.021.1,2026-10-09T06:19:00+00:00,2026-10-09T06:19:59.624758200+00:00,59.624,api.weather.gov
urn:oid:2.49.0.1.840.0.6f94c7732c0939532e8599f48f62466ac2b149b7.016.1,Tropical Storm Watch,urn:oid:2.49.0.1.840.0.6f94c7732c0939532e8599f48f62466ac2b149b7.016.1,2026-10-09T06:19:00+00:00,2026-10-09T06:19:59.624758200+00:00,59.624,api.weather.gov
urn:oid:2.49.0.1.840.0.6f94c7732c0939532e8599f48f62466ac2b149b7.020.1,Tropical Storm Warning,urn:oid:2.49.0.1.840.0.6f94c7732c0939532e8599f48f62466ac2b149b7.020.1,2026-10-09T06:19:00+00:00,2026-10-09T06:19:59.624758200+00:00,59.624,api.weather.gov
urn:oid:2.49.0.1.840.0.6f94c7732c0939532e8599f48f62466ac2b149b7.027.1,Tropical Storm Warning,urn:oid:2.49.0.1.840.0.6f94c7732c0939532e8599f48f62466ac2b149b7.027.1,2026-10-09T06:19:00+00:00,2026-10-09T06:19:59.624758200+00:00,59.624,api.weather.gov
urn:oid:2.49.0.1.840.0.6f94c7732c0939532e8599f48f62466ac2b149b7.014.1,Tropical Storm Watch,urn:oid:2.49.0.1.840.0.6f94c7732c0939532e8599f48f62466ac2b149b7.014.1,2026-10-09T06:19:00+00:00,2026-10-09T06:19:59.624758200+00:00,59.624,api.weather.gov
urn:oid:2.49.0.1.840.0.6f94c7732c0939532e8599f48f62466ac2b149b7.013.1,Tropical Storm Watch,urn:oid:2.49.0.1.840.0.6f94c7732c0939532e8599f48f62466ac2b149b7.013.1,2026-10-09T06:19:00+00:00,2026-10-09T06:19:59.624758200+00:00,59.624,api.weather.gov
urn:oid:2.49.0.1.840.0.6f94c7732c0939532e8599f48f62466ac2b149b7.003.1,Tropical Storm Watch,urn:oid:2.49.0.1.840.0.6f94c7732c0939532e8599f48f62466ac2b149b7.003.1,2026-10-09T06:19:00+00:00,2026-10-09T06:19:59.624758200+00:00,59.624,api.weather.gov
urn:oid:2.49.0.1.840.0.6f94c7732c0939532e8599f48f62466ac2b149b7.023.1,Tropical Storm Warning,urn:oid:2.49.0.1.840.0.6f94c7732c0939532e8599f48f62466ac2b149b7.023.1,2026-10-09T06:19:00+00:00,2026-10-09T06:19:59.624758200+00:00,59.624,api.weather.gov
urn:oid:2.49.0.1.840.0.6f94c7732c0939532e8599f48f62466ac2b149b7.007.1,Tropical Storm Watch,urn:oid:2.49.0.1.840.0.6f94c7732c0939532e8599f48f62466ac2b149b7.007.1,2026-10-09T06:19:00+00:00,2026-10-09T06:19:59.624758200+00:00,59.624,api.weather.gov
urn:oid:2.49.0.1.840.0.6f94c7732c0939532e8599f48f62466ac2b149b7.022.1,Tropical Storm Watch,urn:oid:2.49.0.1.840.0.6f94c7732c0939532e8599f48f62466ac2b149b7.022.1,2026-10-09T06:19:00+00:00,2026-10-09T06:19:59.624758200+00:00,59.624,api.weather.gov
urn:oid:2.49.0.1.840.0.6f94c7732c0939532e8599f48f62466ac2b149b7.004.1,Tropical Storm Watch,urn:oid:2.49.0.1.840.0.6f94c7732c0939532e8599f48f62466ac2b149b7.004.1,2026-10-09T06:19:00+00:00,2026-10-09T06:19:59.624758200+00:00,59.624,api.weather.gov
urn:oid:2.49.0.1.840.0.6f94c7732c0939532e8599f48f62466ac2b149b7.028.1,Tropical Storm Warning,urn:oid:2.49.0.1.840.0.6f94c7732c0939532e8599f48f62466ac2b149b7.028.1,2026-10-09T06:19:00+00:00,2026-10-09T06:19:59.624758200+00:00,59.624,api.weather.gov
urn:oid:2.49.0.1.840.0.6f94c7732c0939532e8599f48f62466ac2b149b7.006.1,Tropical Storm Watch,urn:oid:2.49.0.1.840.0.6f94c7732c0939532e8599f48f62466ac2b149b7.006.1,2026-10-09T06:19:00+00:00,2026-10-09T06:19:59.624758200+00:00,59.624,api.weather.gov
urn:oid:2.49.0.1.840.0.6f94c7732c0939532e8599f48f62466ac2b149b7.015.1,Tropical Storm Watch,urn:oid:2.49.0.1.840.0.6f94c7732c0939532e8599f48f62466ac2b149b7.015.1,2026-10-09T06:19:00+00:00,2026-10-09T06:19:59.624758200+00:00,59.624,api.weather.gov
urn:oid:2.49.0.1.840.0.6f94c7732c0939532e8599f48f62466ac2b149b7.008.1,Tropical Storm Watch,urn:oid:2.49.0.1.840.0.6f94c7732c0939532e8599f48f62466ac2b149b7.008.1,2026-10-09T06:19:00+00:00,2026-10-09T06:19:59.624758200+00:00,59.624,api.weather.gov
urn:oid:2.49.0.1.840.0.6f94c7732c0939532e8599f48f62466ac2b149b7.009.1,Tropical Storm Watch,urn:oid:2.49.0.1.840.0.6f94c7732c0939532e8599f48f62466ac2b149b7.009.1,2026-10-09T06:19:00+00:00,2026-10-09T06:19:59.624758200+00:00,59.624,api.weather.gov
urn:oid:2.49.0.1.840.0.6f94c7732c0939532e8599f48f62466ac2b149b7.010.1,Tropical Storm Watch,urn:oid:2.49.0.1.840.0.6f94c7732c0939532e8599f48f62466ac2b149b7.010.1,2026-10-09T06:19:00+00:00,2026-10-09T06:19:59.624758200+00:00,59.624,api.weather.gov
urn:oid:2.49.0.1.840.0.6f94c7732c0939532e8599f48f62466ac2b149b7.029.1,Tropical Storm Warning,urn:oid:2.49.0.1.840.0.6f94c7732c0939532e8599f48f62466ac2b149b7.029.1,2026-10-09T06:19:00+00:00,2026-10-09T06:19:59.624758200+00:00,59.624,api.weather.gov
urn:oid:2.49.0.1.840.0.66345b6b353f6d71c9f7b1d892ff5238a35581ff.001.1,Severe Thunderstorm Warning,KDMX.SV.W.0353.2026,2026-10-09T06:23:00+00:00,2026-10-09T06:23:40.117858300+00:00,40.117,api.weather.gov
